title,poster_url
The Dark Knight,https://image.tmdb.org/t/p/w200/qJ2tW6WMUDux911r6m7haRef0WH.jpg
Inception,https://image.tmdb.org/t/p/w200/9gk7adHYeDvHkCQRqRpQIQWsFg.jpg
The Matrix,https://image.tmdb.org/t/p/w200/f89U3ADr1oiB1s9GkdPOEpXUk5H.jpg
Interstellar,https://image.tmdb.org/t/p/w200/gEU2QniE6E77NI6lCU6MdrkR2iB.jpg
The Godfather,https://image.tmdb.org/t/p/w200/rPdtLWN5JdJjM4pZg3fVgT5R8Qk.jpg
Pulp Fiction,https://image.tmdb.org/t/p/w200/d5iIlFn5s0ImszYzBPb8JPIfbXD.jpg
Forrest Gump,https://image.tmdb.org/t/p/w200/yE5d3BUhE8hCnkK2H2Y6qXjH2jC.jpg
Titanic,https://image.tmdb.org/t/p/w200/9xjZS2rlVxm8SFx8kPC3aIGCOYQ.jpg
Avatar,https://image.tmdb.org/t/p/w200/jRXYjXNq4Cs6zPvLbMvzDm7V2pD.jpg
The Avengers,https://image.tmdb.org/t/p/w200/RYMX2wcKCBAr24UyPD7xwmjaTn.jpg
Joker,https://image.tmdb.org/t/p/w200/udDclJoHjfjb8Ekx3tzT7H7B5Px.jpg
Gladiator,https://image.tmdb.org/t/p/w200/ty8TGRuvJLPUmAR1H1nRIsgwvim.jpg